Genotype,Balance,Replicate,Day,Chamber,NTR.start,NTR.end,step1.start,step1.end,step2.start,step2.end,step3.start,step3.end,step4.start,step4.end,step5.start,step5.end,step6.start,step6.end,step7.start,step7.end
WBDC.NULL,1,1,1,1,4/11/17 20:30,4/12/17 06:00,4/12/17 07:20,4/12/17 08:04,4/12/17 08:20,4/12/17 09:04,4/12/17 09:45,4/12/17 10:29,4/12/17 10:45,4/12/17 11:29,4/12/17 11:45,4/12/17 12:24,4/12/17 12:40,4/12/17 13:29,4/12/17 13:45,4/12/17 14:29
WBDC.NULL,19,2,1,2,4/11/17 20:30,4/12/17 06:00,4/12/17 07:20,4/12/17 08:04,4/12/17 08:20,4/12/17 09:04,4/12/17 09:45,4/12/17 10:29,4/12/17 10:45,4/12/17 11:29,4/12/17 11:45,4/12/17 12:24,4/12/17 12:40,4/12/17 13:29,4/12/17 13:45,4/12/17 14:29
WBDC.NULL,37,3,1,3,4/11/17 20:30,4/12/17 06:00,4/12/17 07:20,4/12/17 08:04,4/12/17 08:20,4/12/17 09:04,4/12/17 09:45,4/12/17 10:29,4/12/17 10:45,4/12/17 11:29,4/12/17 11:45,4/12/17 12:24,4/12/17 12:40,4/12/17 13:29,4/12/17 13:45,4/12/17 14:29
WBDC.350,2,1,1,1,4/11/17 20:30,4/12/17 06:00,4/12/17 07:20,4/12/17 08:04,4/12/17 08:20,4/12/17 09:04,4/12/17 09:45,4/12/17 10:29,4/12/17 10:45,4/12/17 11:29,4/12/17 11:45,4/12/17 12:24,4/12/17 12:40,4/12/17 13:29,4/12/17 13:45,4/12/17 14:29
WBDC.350,20,2,1,2,4/11/17 20:30,4/12/17 06:00,4/12/17 07:20,4/12/17 08:04,4/12/17 08:20,4/12/17 09:04,4/12/17 09:45,4/12/17 10:29,4/12/17 10:45,4/12/17 11:29,4/12/17 11:45,4/12/17 12:24,4/12/17 12:40,4/12/17 13:29,4/12/17 13:45,4/12/17 14:29
WBDC.350,38,3,1,3,4/11/17 20:30,4/12/17 06:00,4/12/17 07:20,4/12/17 08:04,4/12/17 08:20,4/12/17 09:04,4/12/17 09:45,4/12/17 10:29,4/12/17 10:45,4/12/17 11:29,4/12/17 11:45,4/12/17 12:24,4/12/17 12:40,4/12/17 13:29,4/12/17 13:45,4/12/17 14:29
WBDC.082,3,1,1,1,4/11/17 20:30,4/12/17 06:00,4/12/17 07:20,4/12/17 08:04,4/12/17 08:20,4/12/17 09:04,4/12/17 09:45,4/12/17 10:29,4/12/17 10:45,4/12/17 11:29,4/12/17 11:45,4/12/17 12:24,4/12/17 12:40,4/12/17 13:29,4/12/17 13:45,4/12/17 14:29
WBDC.082,21,2,1,2,4/11/17 20:30,4/12/17 06:00,4/12/17 07:20,4/12/17 08:04,4/12/17 08:20,4/12/17 09:04,4/12/17 09:45,4/12/17 10:29,4/12/17 10:45,4/12/17 11:29,4/12/17 11:45,4/12/17 12:24,4/12/17 12:40,4/12/17 13:29,4/12/17 13:45,4/12/17 14:29
WBDC.082,39,3,1,3,4/11/17 20:30,4/12/17 06:00,4/12/17 07:20,4/12/17 08:04,4/12/17 08:20,4/12/17 09:04,4/12/17 09:45,4/12/17 10:29,4/12/17 10:45,4/12/17 11:29,4/12/17 11:45,4/12/17 12:24,4/12/17 12:40,4/12/17 13:29,4/12/17 13:45,4/12/17 14:29
WBDC.035,4,1,1,1,4/11/17 20:30,4/12/17 06:00,4/12/17 07:20,4/12/17 08:04,4/12/17 08:20,4/12/17 09:04,4/12/17 09:45,4/12/17 10:29,4/12/17 10:45,4/12/17 11:29,4/12/17 11:45,4/12/17 12:24,4/12/17 12:40,4/12/17 13:29,4/12/17 13:45,4/12/17 14:29
WBDC.035,22,2,1,2,4/11/17 20:30,4/12/17 06:00,4/12/17 07:20,4/12/17 08:04,4/12/17 08:20,4/12/17 09:04,4/12/17 09:45,4/12/17 10:29,4/12/17 10:45,4/12/17 11:29,4/12/17 11:45,4/12/17 12:24,4/12/17 12:40,4/12/17 13:29,4/12/17 13:45,4/12/17 14:29
WBDC.035,40,3,1,3,4/11/17 20:30,4/12/17 06:00,4/12/17 07:20,4/12/17 08:04,4/12/17 08:20,4/12/17 09:04,4/12/17 09:45,4/12/17 10:29,4/12/17 10:45,4/12/17 11:29,4/12/17 11:45,4/12/17 12:24,4/12/17 12:40,4/12/17 13:29,4/12/17 13:45,4/12/17 14:29
WBDC.016,5,1,1,1,4/11/17 20:30,4/12/17 06:00,4/12/17 07:20,4/12/17 08:04,4/12/17 08:20,4/12/17 09:04,4/12/17 09:45,4/12/17 10:29,4/12/17 10:45,4/12/17 11:29,4/12/17 11:45,4/12/17 12:24,4/12/17 12:40,4/12/17 13:29,4/12/17 13:45,4/12/17 14:29
WBDC.016,23,2,1,2,4/11/17 20:30,4/12/17 06:00,4/12/17 07:20,4/12/17 08:04,4/12/17 08:20,4/12/17 09:04,4/12/17 09:45,4/12/17 10:29,4/12/17 10:45,4/12/17 11:29,4/12/17 11:45,4/12/17 12:24,4/12/17 12:40,4/12/17 13:29,4/12/17 13:45,4/12/17 14:29
WBDC.016,41,3,1,3,4/11/17 20:30,4/12/17 06:00,4/12/17 07:20,4/12/17 08:04,4/12/17 08:20,4/12/17 09:04,4/12/17 09:45,4/12/17 10:29,4/12/17 10:45,4/12/17 11:29,4/12/17 11:45,4/12/17 12:24,4/12/17 12:40,4/12/17 13:29,4/12/17 13:45,4/12/17 14:29
WBDC.NULL,6,1,1,1,4/11/17 20:30,4/12/17 06:00,4/12/17 07:20,4/12/17 08:04,4/12/17 08:20,4/12/17 09:04,4/12/17 09:45,4/12/17 10:29,4/12/17 10:45,4/12/17 11:29,4/12/17 11:45,4/12/17 12:24,4/12/17 12:40,4/12/17 13:29,4/12/17 13:45,4/12/17 14:29
WBDC.NULL,24,2,1,2,4/11/17 20:30,4/12/17 06:00,4/12/17 07:20,4/12/17 08:04,4/12/17 08:20,4/12/17 09:04,4/12/17 09:45,4/12/17 10:29,4/12/17 10:45,4/12/17 11:29,4/12/17 11:45,4/12/17 12:24,4/12/17 12:40,4/12/17 13:29,4/12/17 13:45,4/12/17 14:29
WBDC.NULL,42,3,1,3,4/11/17 20:30,4/12/17 06:00,4/12/17 07:20,4/12/17 08:04,4/12/17 08:20,4/12/17 09:04,4/12/17 09:45,4/12/17 10:29,4/12/17 10:45,4/12/17 11:29,4/12/17 11:45,4/12/17 12:24,4/12/17 12:40,4/12/17 13:29,4/12/17 13:45,4/12/17 14:29
WBDC.NULL,7,1,1,1,4/11/17 20:30,4/12/17 06:00,4/12/17 07:20,4/12/17 08:04,4/12/17 08:20,4/12/17 09:04,4/12/17 09:45,4/12/17 10:29,4/12/17 10:45,4/12/17 11:29,4/12/17 11:45,4/12/17 12:24,4/12/17 12:40,4/12/17 13:29,4/12/17 13:45,4/12/17 14:29
WBDC.NULL,25,2,1,2,4/11/17 20:30,4/12/17 06:00,4/12/17 07:20,4/12/17 08:04,4/12/17 08:20,4/12/17 09:04,4/12/17 09:45,4/12/17 10:29,4/12/17 10:45,4/12/17 11:29,4/12/17 11:45,4/12/17 12:24,4/12/17 12:40,4/12/17 13:29,4/12/17 13:45,4/12/17 14:29
WBDC.NULL,43,3,1,3,4/11/17 20:30,4/12/17 06:00,4/12/17 07:20,4/12/17 08:04,4/12/17 08:20,4/12/17 09:04,4/12/17 09:45,4/12/17 10:29,4/12/17 10:45,4/12/17 11:29,4/12/17 11:45,4/12/17 12:24,4/12/17 12:40,4/12/17 13:29,4/12/17 13:45,4/12/17 14:29
WBDC.020,8,1,1,1,4/11/17 20:30,4/12/17 06:00,4/12/17 07:20,4/12/17 08:04,4/12/17 08:20,4/12/17 09:04,4/12/17 09:45,4/12/17 10:29,4/12/17 10:45,4/12/17 11:29,4/12/17 11:45,4/12/17 12:24,4/12/17 12:40,4/12/17 13:29,4/12/17 13:45,4/12/17 14:29
WBDC.020,26,2,1,2,4/11/17 20:30,4/12/17 06:00,4/12/17 07:20,4/12/17 08:04,4/12/17 08:20,4/12/17 09:04,4/12/17 09:45,4/12/17 10:29,4/12/17 10:45,4/12/17 11:29,4/12/17 11:45,4/12/17 12:24,4/12/17 12:40,4/12/17 13:29,4/12/17 13:45,4/12/17 14:29
WBDC.020,44,3,1,3,4/11/17 20:30,4/12/17 06:00,4/12/17 07:20,4/12/17 08:04,4/12/17 08:20,4/12/17 09:04,4/12/17 09:45,4/12/17 10:29,4/12/17 10:45,4/12/17 11:29,4/12/17 11:45,4/12/17 12:24,4/12/17 12:40,4/12/17 13:29,4/12/17 13:45,4/12/17 14:29
WBDC.172,9,1,1,1,4/11/17 20:30,4/12/17 06:00,4/12/17 07:20,4/12/17 08:04,4/12/17 08:20,4/12/17 09:04,4/12/17 09:45,4/12/17 10:29,4/12/17 10:45,4/12/17 11:29,4/12/17 11:45,4/12/17 12:24,4/12/17 12:40,4/12/17 13:29,4/12/17 13:45,4/12/17 14:29
WBDC.172,27,2,1,2,4/11/17 20:30,4/12/17 06:00,4/12/17 07:20,4/12/17 08:04,4/12/17 08:20,4/12/17 09:04,4/12/17 09:45,4/12/17 10:29,4/12/17 10:45,4/12/17 11:29,4/12/17 11:45,4/12/17 12:24,4/12/17 12:40,4/12/17 13:29,4/12/17 13:45,4/12/17 14:29
WBDC.172,45,3,1,3,4/11/17 20:30,4/12/17 06:00,4/12/17 07:20,4/12/17 08:04,4/12/17 08:20,4/12/17 09:04,4/12/17 09:45,4/12/17 10:29,4/12/17 10:45,4/12/17 11:29,4/12/17 11:45,4/12/17 12:24,4/12/17 12:40,4/12/17 13:29,4/12/17 13:45,4/12/17 14:29
WBDC.Rasmussen,10,1,1,1,4/11/17 20:30,4/12/17 06:00,4/12/17 07:20,4/12/17 08:04,4/12/17 08:20,4/12/17 09:04,4/12/17 09:45,4/12/17 10:29,4/12/17 10:45,4/12/17 11:29,4/12/17 11:45,4/12/17 12:24,4/12/17 12:40,4/12/17 13:29,4/12/17 13:45,4/12/17 14:29
WBDC.Rasmussen,28,2,1,2,4/11/17 20:30,4/12/17 06:00,4/12/17 07:20,4/12/17 08:04,4/12/17 08:20,4/12/17 09:04,4/12/17 09:45,4/12/17 10:29,4/12/17 10:45,4/12/17 11:29,4/12/17 11:45,4/12/17 12:24,4/12/17 12:40,4/12/17 13:29,4/12/17 13:45,4/12/17 14:29
WBDC.Rasmussen,46,3,1,3,4/11/17 20:30,4/12/17 06:00,4/12/17 07:20,4/12/17 08:04,4/12/17 08:20,4/12/17 09:04,4/12/17 09:45,4/12/17 10:29,4/12/17 10:45,4/12/17 11:29,4/12/17 11:45,4/12/17 12:24,4/12/17 12:40,4/12/17 13:29,4/12/17 13:45,4/12/17 14:29
WBDC.336,11,1,1,1,4/11/17 20:30,4/12/17 06:00,4/12/17 07:20,4/12/17 08:04,4/12/17 08:20,4/12/17 09:04,4/12/17 09:45,4/12/17 10:29,4/12/17 10:45,4/12/17 11:29,4/12/17 11:45,4/12/17 12:24,4/12/17 12:40,4/12/17 13:29,4/12/17 13:45,4/12/17 14:29
WBDC.336,29,2,1,2,4/11/17 20:30,4/12/17 06:00,4/12/17 07:20,4/12/17 08:04,4/12/17 08:20,4/12/17 09:04,4/12/17 09:45,4/12/17 10:29,4/12/17 10:45,4/12/17 11:29,4/12/17 11:45,4/12/17 12:24,4/12/17 12:40,4/12/17 13:29,4/12/17 13:45,4/12/17 14:29
WBDC.336,47,3,1,3,4/11/17 20:30,4/12/17 06:00,4/12/17 07:20,4/12/17 08:04,4/12/17 08:20,4/12/17 09:04,4/12/17 09:45,4/12/17 10:29,4/12/17 10:45,4/12/17 11:29,4/12/17 11:45,4/12/17 12:24,4/12/17 12:40,4/12/17 13:29,4/12/17 13:45,4/12/17 14:29
WBDC.NULL,12,1,1,1,4/11/17 20:30,4/12/17 06:00,4/12/17 07:20,4/12/17 08:04,4/12/17 08:20,4/12/17 09:04,4/12/17 09:45,4/12/17 10:29,4/12/17 10:45,4/12/17 11:29,4/12/17 11:45,4/12/17 12:24,4/12/17 12:40,4/12/17 13:29,4/12/17 13:45,4/12/17 14:29
WBDC.NULL,30,2,1,2,4/11/17 20:30,4/12/17 06:00,4/12/17 07:20,4/12/17 08:04,4/12/17 08:20,4/12/17 09:04,4/12/17 09:45,4/12/17 10:29,4/12/17 10:45,4/12/17 11:29,4/12/17 11:45,4/12/17 12:24,4/12/17 12:40,4/12/17 13:29,4/12/17 13:45,4/12/17 14:29
WBDC.NULL,48,3,1,3,4/11/17 20:30,4/12/17 06:00,4/12/17 07:20,4/12/17 08:04,4/12/17 08:20,4/12/17 09:04,4/12/17 09:45,4/12/17 10:29,4/12/17 10:45,4/12/17 11:29,4/12/17 11:45,4/12/17 12:24,4/12/17 12:40,4/12/17 13:29,4/12/17 13:45,4/12/17 14:29
WBDC.092,13,1,1,1,4/11/17 20:30,4/12/17 06:00,4/12/17 07:20,4/12/17 08:04,4/12/17 08:20,4/12/17 09:04,4/12/17 09:45,4/12/17 10:29,4/12/17 10:45,4/12/17 11:29,4/12/17 11:45,4/12/17 12:24,4/12/17 12:40,4/12/17 13:29,4/12/17 13:45,4/12/17 14:29
WBDC.092,31,2,1,2,4/11/17 20:30,4/12/17 06:00,4/12/17 07:20,4/12/17 08:04,4/12/17 08:20,4/12/17 09:04,4/12/17 09:45,4/12/17 10:29,4/12/17 10:45,4/12/17 11:29,4/12/17 11:45,4/12/17 12:24,4/12/17 12:40,4/12/17 13:29,4/12/17 13:45,4/12/17 14:29
WBDC.092,49,3,1,3,4/11/17 20:30,4/12/17 06:00,4/12/17 07:20,4/12/17 08:04,4/12/17 08:20,4/12/17 09:04,4/12/17 09:45,4/12/17 10:29,4/12/17 10:45,4/12/17 11:29,4/12/17 11:45,4/12/17 12:24,4/12/17 12:40,4/12/17 13:29,4/12/17 13:45,4/12/17 14:29
WBDC.234,14,1,1,1,4/11/17 20:30,4/12/17 06:00,4/12/17 07:20,4/12/17 08:04,4/12/17 08:20,4/12/17 09:04,4/12/17 09:45,4/12/17 10:29,4/12/17 10:45,4/12/17 11:29,4/12/17 11:45,4/12/17 12:24,4/12/17 12:40,4/12/17 13:29,4/12/17 13:45,4/12/17 14:29
WBDC.234,32,2,1,2,4/11/17 20:30,4/12/17 06:00,4/12/17 07:20,4/12/17 08:04,4/12/17 08:20,4/12/17 09:04,4/12/17 09:45,4/12/17 10:29,4/12/17 10:45,4/12/17 11:29,4/12/17 11:45,4/12/17 12:24,4/12/17 12:40,4/12/17 13:29,4/12/17 13:45,4/12/17 14:29
WBDC.234,50,3,1,3,4/11/17 20:30,4/12/17 06:00,4/12/17 07:20,4/12/17 08:04,4/12/17 08:20,4/12/17 09:04,4/12/17 09:45,4/12/17 10:29,4/12/17 10:45,4/12/17 11:29,4/12/17 11:45,4/12/17 12:24,4/12/17 12:40,4/12/17 13:29,4/12/17 13:45,4/12/17 14:29
WBDC.028,15,1,1,1,4/11/17 20:30,4/12/17 06:00,4/12/17 07:20,4/12/17 08:04,4/12/17 08:20,4/12/17 09:04,4/12/17 09:45,4/12/17 10:29,4/12/17 10:45,4/12/17 11:29,4/12/17 11:45,4/12/17 12:24,4/12/17 12:40,4/12/17 13:29,4/12/17 13:45,4/12/17 14:29
WBDC.028,33,2,1,2,4/11/17 20:30,4/12/17 06:00,4/12/17 07:20,4/12/17 08:04,4/12/17 08:20,4/12/17 09:04,4/12/17 09:45,4/12/17 10:29,4/12/17 10:45,4/12/17 11:29,4/12/17 11:45,4/12/17 12:24,4/12/17 12:40,4/12/17 13:29,4/12/17 13:45,4/12/17 14:29
WBDC.028,51,3,1,3,4/11/17 20:30,4/12/17 06:00,4/12/17 07:20,4/12/17 08:04,4/12/17 08:20,4/12/17 09:04,4/12/17 09:45,4/12/17 10:29,4/12/17 10:45,4/12/17 11:29,4/12/17 11:45,4/12/17 12:24,4/12/17 12:40,4/12/17 13:29,4/12/17 13:45,4/12/17 14:29
WBDC.292,16,1,1,1,4/11/17 20:30,4/12/17 06:00,4/12/17 07:20,4/12/17 08:04,4/12/17 08:20,4/12/17 09:04,4/12/17 09:45,4/12/17 10:29,4/12/17 10:45,4/12/17 11:29,4/12/17 11:45,4/12/17 12:24,4/12/17 12:40,4/12/17 13:29,4/12/17 13:45,4/12/17 14:29
WBDC.292,34,2,1,2,4/11/17 20:30,4/12/17 06:00,4/12/17 07:20,4/12/17 08:04,4/12/17 08:20,4/12/17 09:04,4/12/17 09:45,4/12/17 10:29,4/12/17 10:45,4/12/17 11:29,4/12/17 11:45,4/12/17 12:24,4/12/17 12:40,4/12/17 13:29,4/12/17 13:45,4/12/17 14:29
WBDC.292,52,3,1,3,4/11/17 20:30,4/12/17 06:00,4/12/17 07:20,4/12/17 08:04,4/12/17 08:20,4/12/17 09:04,4/12/17 09:45,4/12/17 10:29,4/12/17 10:45,4/12/17 11:29,4/12/17 11:45,4/12/17 12:24,4/12/17 12:40,4/12/17 13:29,4/12/17 13:45,4/12/17 14:29
WBDC.173,17,1,1,1,4/11/17 20:30,4/12/17 06:00,4/12/17 07:20,4/12/17 08:04,4/12/17 08:20,4/12/17 09:04,4/12/17 09:45,4/12/17 10:29,4/12/17 10:45,4/12/17 11:29,4/12/17 11:45,4/12/17 12:24,4/12/17 12:40,4/12/17 13:29,4/12/17 13:45,4/12/17 14:29
WBDC.173,35,2,1,2,4/11/17 20:30,4/12/17 06:00,4/12/17 07:20,4/12/17 08:04,4/12/17 08:20,4/12/17 09:04,4/12/17 09:45,4/12/17 10:29,4/12/17 10:45,4/12/17 11:29,4/12/17 11:45,4/12/17 12:24,4/12/17 12:40,4/12/17 13:29,4/12/17 13:45,4/12/17 14:29
WBDC.173,53,3,1,3,4/11/17 20:30,4/12/17 06:00,4/12/17 07:20,4/12/17 08:04,4/12/17 08:20,4/12/17 09:04,4/12/17 09:45,4/12/17 10:29,4/12/17 10:45,4/12/17 11:29,4/12/17 11:45,4/12/17 12:24,4/12/17 12:40,4/12/17 13:29,4/12/17 13:45,4/12/17 14:29
WBDC.NULL,18,1,1,1,4/11/17 20:30,4/12/17 06:00,4/12/17 07:20,4/12/17 08:04,4/12/17 08:20,4/12/17 09:04,4/12/17 09:45,4/12/17 10:29,4/12/17 10:45,4/12/17 11:29,4/12/17 11:45,4/12/17 12:24,4/12/17 12:40,4/12/17 13:29,4/12/17 13:45,4/12/17 14:29
WBDC.NULL,36,2,1,2,4/11/17 20:30,4/12/17 06:00,4/12/17 07:20,4/12/17 08:04,4/12/17 08:20,4/12/17 09:04,4/12/17 09:45,4/12/17 10:29,4/12/17 10:45,4/12/17 11:29,4/12/17 11:45,4/12/17 12:24,4/12/17 12:40,4/12/17 13:29,4/12/17 13:45,4/12/17 14:29
WBDC.NULL,54,3,1,3,4/11/17 20:30,4/12/17 06:00,4/12/17 07:20,4/12/17 08:04,4/12/17 08:20,4/12/17 09:04,4/12/17 09:45,4/12/17 10:29,4/12/17 10:45,4/12/17 11:29,4/12/17 11:45,4/12/17 12:24,4/12/17 12:40,4/12/17 13:29,4/12/17 13:45,4/12/17 14:29
,,,,,,,,,,,,,,,,,,,,
,,,,,,,,,,,,,,,,,,,,
,,,,,,,,,,,,,,,,,,,,
,,,,,,,,,,,,,,,,,,,,
,,,,,,,,,,,,,,,,,,,,
,,,,,,,,,,,,,,,,,,,,
,,,,,,,,,,,,,,,,,,,,
,,,,,,,,,,,,,,,,,,,,
,,,,,,,,,,,,,,,,,,,,
,,,,,,,,,,,,,,,,,,,,
,,,,,,,,,,,,,,,,,,,,
,,,,,,,,,,,,,,,,,,,,
,,,,,,,,,,,,,,,,,,,,
,,,,,,,,,,,,,,,,,,,,
,,,,,,,,,,,,,,,,,,,,
,,,,,,,,,,,,,,,,,,,,
,,,,,,,,,,,,,,,,,,,,
,,,,,,,,,,,,,,,,,,,,
,,,,,,,,,,,,,,,,,,,,
,,,,,,,,,,,,,,,,,,,,
,,,,,,,,,,,,,,,,,,,,
,,,,,,,,,,,,,,,,,,,,
,,,,,,,,,,,,,,,,,,,,
,,,,,,,,,,,,,,,,,,,,
,,,,,,,,,,,,,,,,,,,,
,,,,,,,,,,,,,,,,,,,,
,,,,,,,,,,,,,,,,,,,,
,,,,,,,,,,,,,,,,,,,,
,,,,,,,,,,,,,,,,,,,,
,,,,,,,,,,,,,,,,,,,,
,,,,,,,,,,,,,,,,,,,,
,,,,,,,,,,,,,,,,,,,,
,,,,,,,,,,,,,,,,,,,,
,,,,,,,,,,,,,,,,,,,,
,,,,,,,,,,,,,,,,,,,,
,,,,,,,,,,,,,,,,,,,,
,,,,,,,,,,,,,,,,,,,,
,,,,,,,,,,,,,,,,,,,,
,,,,,,,,,,,,,,,,,,,,
,,,,,,,,,,,,,,,,,,,,
,,,,,,,,,,,,,,,,,,,,
,,,,,,,,,,,,,,,,,,,,
,,,,,,,,,,,,,,,,,,,,
,,,,,,,,,,,,,,,,,,,,
,,,,,,,,,,,,,,,,,,,,
,,,,,,,,,,,,,,,,,,,,
,,,,,,,,,,,,,,,,,,,,
,,,,,,,,,,,,,,,,,,,,
,,,,,,,,,,,,,,,,,,,,
,,,,,,,,,,,,,,,,,,,,
,,,,,,,,,,,,,,,,,,,,
,,,,,,,,,,,,,,,,,,,,
,,,,,,,,,,,,,,,,,,,,
,,,,,,,,,,,,,,,,,,,,
,,,,,,,,,,,,,,,,,,,,
,,,,,,,,,,,,,,,,,,,,
,,,,,,,,,,,,,,,,,,,,
,,,,,,,,,,,,,,,,,,,,
,,,,,,,,,,,,,,,,,,,,
,,,,,,,,,,,,,,,,,,,,
,,,,,,,,,,,,,,,,,,,,
,,,,,,,,,,,,,,,,,,,,
,,,,,,,,,,,,,,,,,,,,
,,,,,,,,,,,,,,,,,,,,
,,,,,,,,,,,,,,,,,,,,
,,,,,,,,,,,,,,,,,,,,
,,,,,,,,,,,,,,,,,,,,
,,,,,,,,,,,,,,,,,,,,
,,,,,,,,,,,,,,,,,,,,
,,,,,,,,,,,,,,,,,,,,
,,,,,,,,,,,,,,,,,,,,
,,,,,,,,,,,,,,,,,,,,
,,,,,,,,,,,,,,,,,,,,
,,,,,,,,,,,,,,,,,,,,
,,,,,,,,,,,,,,,,,,,,
,,,,,,,,,,,,,,,,,,,,
,,,,,,,,,,,,,,,,,,,,
,,,,,,,,,,,,,,,,,,,,
,,,,,,,,,,,,,,,,,,,,
,,,,,,,,,,,,,,,,,,,,
,,,,,,,,,,,,,,,,,,,,
,,,,,,,,,,,,,,,,,,,,
,,,,,,,,,,,,,,,,,,,,
,,,,,,,,,,,,,,,,,,,,
,,,,,,,,,,,,,,,,,,,,
,,,,,,,,,,,,,,,,,,,,
,,,,,,,,,,,,,,,,,,,,
,,,,,,,,,,,,,,,,,,,,
,,,,,,,,,,,,,,,,,,,,
,,,,,,,,,,,,,,,,,,,,
,,,,,,,,,,,,,,,,,,,,
,,,,,,,,,,,,,,,,,,,,
,,,,,,,,,,,,,,,,,,,,
,,,,,,,,,,,,,,,,,,,,
,,,,,,,,,,,,,,,,,,,,
,,,,,,,,,,,,,,,,,,,,
,,,,,,,,,,,,,,,,,,,,
,,,,,,,,,,,,,,,,,,,,
,,,,,,,,,,,,,,,,,,,,
,,,,,,,,,,,,,,,,,,,,
,,,,,,,,,,,,,,,,,,,,
,,,,,,,,,,,,,,,,,,,,
,,,,,,,,,,,,,,,,,,,,
,,,,,,,,,,,,,,,,,,,,
,,,,,,,,,,,,,,,,,,,,
,,,,,,,,,,,,,,,,,,,,
,,,,,,,,,,,,,,,,,,,,
,,,,,,,,,,,,,,,,,,,,
,,,,,,,,,,,,,,,,,,,,
,,,,,,,,,,,,,,,,,,,,
,,,,,,,,,,,,,,,,,,,,
,,,,,,,,,,,,,,,,,,,,
,,,,,,,,,,,,,,,,,,,,
,,,,,,,,,,,,,,,,,,,,
,,,,,,,,,,,,,,,,,,,,
,,,,,,,,,,,,,,,,,,,,
,,,,,,,,,,,,,,,,,,,,
,,,,,,,,,,,,,,,,,,,,
,,,,,,,,,,,,,,,,,,,,
,,,,,,,,,,,,,,,,,,,,
,,,,,,,,,,,,,,,,,,,,
,,,,,,,,,,,,,,,,,,,,
,,,,,,,,,,,,,,,,,,,,
,,,,,,,,,,,,,,,,,,,,
,,,,,,,,,,,,,,,,,,,,
,,,,,,,,,,,,,,,,,,,,
,,,,,,,,,,,,,,,,,,,,
,,,,,,,,,,,,,,,,,,,,
,,,,,,,,,,,,,,,,,,,,
,,,,,,,,,,,,,,,,,,,,
,,,,,,,,,,,,,,,,,,,,
,,,,,,,,,,,,,,,,,,,,
,,,,,,,,,,,,,,,,,,,,
,,,,,,,,,,,,,,,,,,,,
,,,,,,,,,,,,,,,,,,,,
,,,,,,,,,,,,,,,,,,,,
,,,,,,,,,,,,,,,,,,,,
,,,,,,,,,,,,,,,,,,,,
,,,,,,,,,,,,,,,,,,,,
,,,,,,,,,,,,,,,,,,,,
,,,,,,,,,,,,,,,,,,,,
,,,,,,,,,,,,,,,,,,,,
,,,,,,,,,,,,,,,,,,,,
,,,,,,,,,,,,,,,,,,,,
,,,,,,,,,,,,,,,,,,,,
,,,,,,,,,,,,,,,,,,,,
,,,,,,,,,,,,,,,,,,,,
,,,,,,,,,,,,,,,,,,,,
,,,,,,,,,,,,,,,,,,,,
,,,,,,,,,,,,,,,,,,,,
,,,,,,,,,,,,,,,,,,,,
,,,,,,,,,,,,,,,,,,,,
,,,,,,,,,,,,,,,,,,,,
,,,,,,,,,,,,,,,,,,,,
,,,,,,,,,,,,,,,,,,,,
,,,,,,,,,,,,,,,,,,,,
,,,,,,,,,,,,,,,,,,,,
,,,,,,,,,,,,,,,,,,,,
,,,,,,,,,,,,,,,,,,,,
,,,,,,,,,,,,,,,,,,,,
,,,,,,,,,,,,,,,,,,,,
,,,,,,,,,,,,,,,,,,,,
,,,,,,,,,,,,,,,,,,,,
,,,,,,,,,,,,,,,,,,,,
,,,,,,,,,,,,,,,,,,,,
,,,,,,,,,,,,,,,,,,,,
,,,,,,,,,,,,,,,,,,,,
,,,,,,,,,,,,,,,,,,,,
,,,,,,,,,,,,,,,,,,,,
,,,,,,,,,,,,,,,,,,,,
,,,,,,,,,,,,,,,,,,,,
,,,,,,,,,,,,,,,,,,,,
,,,,,,,,,,,,,,,,,,,,
,,,,,,,,,,,,,,,,,,,,
,,,,,,,,,,,,,,,,,,,,
,,,,,,,,,,,,,,,,,,,,
,,,,,,,,,,,,,,,,,,,,
,,,,,,,,,,,,,,,,,,,,
,,,,,,,,,,,,,,,,,,,,
,,,,,,,,,,,,,,,,,,,,
,,,,,,,,,,,,,,,,,,,,
,,,,,,,,,,,,,,,,,,,,
,,,,,,,,,,,,,,,,,,,,
,,,,,,,,,,,,,,,,,,,,
,,,,,,,,,,,,,,,,,,,,
,,,,,,,,,,,,,,,,,,,,
,,,,,,,,,,,,,,,,,,,,
,,,,,,,,,,,,,,,,,,,,
,,,,,,,,,,,,,,,,,,,,
,,,,,,,,,,,,,,,,,,,,
,,,,,,,,,,,,,,,,,,,,
,,,,,,,,,,,,,,,,,,,,
,,,,,,,,,,,,,,,,,,,,
,,,,,,,,,,,,,,,,,,,,
,,,,,,,,,,,,,,,,,,,,
,,,,,,,,,,,,,,,,,,,,
,,,,,,,,,,,,,,,,,,,,
,,,,,,,,,,,,,,,,,,,,
,,,,,,,,,,,,,,,,,,,,
,,,,,,,,,,,,,,,,,,,,
,,,,,,,,,,,,,,,,,,,,
,,,,,,,,,,,,,,,,,,,,
,,,,,,,,,,,,,,,,,,,,
,,,,,,,,,,,,,,,,,,,,
,,,,,,,,,,,,,,,,,,,,
,,,,,,,,,,,,,,,,,,,,
,,,,,,,,,,,,,,,,,,,,
,,,,,,,,,,,,,,,,,,,,
,,,,,,,,,,,,,,,,,,,,
,,,,,,,,,,,,,,,,,,,,
,,,,,,,,,,,,,,,,,,,,
,,,,,,,,,,,,,,,,,,,,
,,,,,,,,,,,,,,,,,,,,
,,,,,,,,,,,,,,,,,,,,
,,,,,,,,,,,,,,,,,,,,
,,,,,,,,,,,,,,,,,,,,